{"cameraMode":{"drawMode":0,"name":"Shaded","section":"Shading Mode"},"sceneLighting":false,"audioPlay":false,"sceneViewState":{"showFog":true,"showMaterialUpdate":false,"showSkybox":false,"showFlares":true,"showImageEffects":true,"showParticleSystems":true},"in2DMode":false,"pivot":{"x":6.418097019195557,"y":1.7391486167907715,"z":20.26371192932129},"rotation":{"x":-0.02913391776382923,"y":0.4980839192867279,"z":-0.016746563836932184,"w":-0.8664774894714356},"size":1.984476089477539,"orthographic":false}