{"cameraMode":{"drawMode":0,"name":"Shaded","section":"Shading Mode"},"sceneLighting":false,"audioPlay":false,"sceneViewState":{"showFog":true,"showMaterialUpdate":false,"showSkybox":false,"showFlares":true,"showImageEffects":true,"showParticleSystems":true},"in2DMode":false,"pivot":{"x":-5.34083366394043,"y":0.5760160684585571,"z":19.853607177734376},"rotation":{"x":0.1899133175611496,"y":-0.01885499246418476,"z":0.0036470924969762565,"w":0.981613039970398},"size":4.542984962463379,"orthographic":false}