{"cameraMode":{"drawMode":0,"name":"Shaded","section":"Shading Mode"},"sceneLighting":false,"audioPlay":false,"sceneViewState":{"showFog":true,"showMaterialUpdate":false,"showSkybox":false,"showFlares":true,"showImageEffects":true,"showParticleSystems":true},"in2DMode":false,"pivot":{"x":0.11761945486068726,"y":0.05622100830078125,"z":15.465017318725586},"rotation":{"x":-0.001571265864185989,"y":0.8131133913993836,"z":-0.5820990800857544,"w":-0.0021947247441858055},"size":2.458979606628418,"orthographic":false}