{"cameraMode":{"drawMode":0,"name":"Shaded","section":"Shading Mode"},"sceneLighting":false,"audioPlay":false,"sceneViewState":{"showFog":true,"showMaterialUpdate":false,"showSkybox":false,"showFlares":true,"showImageEffects":true,"showParticleSystems":true},"in2DMode":false,"pivot":{"x":-0.6019765734672546,"y":2.509178400039673,"z":21.000810623168947},"rotation":{"x":0.2534432113170624,"y":0.6800031661987305,"z":-0.2728723883628845,"w":0.6315876841545105},"size":11.829038619995118,"orthographic":false}